,Normal,Pathological,Suspect,accuracy,macro avg,weighted avg
precision,0.9519519519519519,0.875,0.7868852459016393,0.9225352112676056,0.8712790659511972,0.9219146848302933
recall,0.9519519519519519,0.9655172413793104,0.75,0.9225352112676056,0.8891563977770874,0.9225352112676056
f1-score,0.9519519519519519,0.9180327868852459,0.768,0.9225352112676056,0.879328246279066,0.9220069268067421
support,333.0,29.0,64.0,0.9225352112676056,426.0,426.0
