,Normal,Pathological,Suspect,accuracy,macro avg,weighted avg
precision,0.9573170731707317,0.9310344827586207,0.7536231884057971,0.9225352112676056,0.8806582481117164,0.9249259845629686
recall,0.9429429429429429,0.9310344827586207,0.8125,0.9225352112676056,0.8954924752338546,0.9225352112676056
f1-score,0.9500756429652042,0.9310344827586207,0.7819548872180451,0.9225352112676056,0.8876883376472899,0.9235218354210515
support,333.0,29.0,64.0,0.9225352112676056,426.0,426.0
