,Normal,Pathological,Suspect,accuracy,macro avg,weighted avg
precision,0.9589442815249267,0.9,0.8909090909090909,0.9460093896713615,0.9166177908113392,0.9447103933473765
recall,0.9819819819819819,0.9310344827586207,0.765625,0.9460093896713615,0.8928804882468676,0.9460093896713615
f1-score,0.9703264094955489,0.9152542372881356,0.8235294117647058,0.9460093896713615,0.9030366861827966,0.9445233558598941
support,333.0,29.0,64.0,0.9460093896713615,426.0,426.0
